"code","name","externalMappingCode","status","memo"
"1101","現金預金","","active","現金および預金の合算科目(サンプル)"
"1301","売掛金","","active","売上計上に対応する債権"
"1401","前渡金","","active","発注時の前払金"
"1501","原材料","","active","製造に使う原材料・部品の棚卸資産"
"1502","商品","","active","仕入れて販売する商品の棚卸資産"
"1503","製品","","active","自社で組み立てた完成品の棚卸資産"
"2101","買掛金","","active","仕入計上に対応する債務"
"2201","仮受消費税","","active","売上に係る消費税"
"2202","仮払消費税","","active","仕入に係る消費税"
"4101","商品売上高","","active","商品の売上"
"4102","製品売上高","","active","製品の売上"
"4103","サービス売上高","","active","設置作業・保守などの役務の売上"
"4201","売上値引・返品","","active","返品・値引による売上の減額"
"5101","仕入高","","active","商品・原材料の仕入"
"5102","外注費","","active","外部への作業委託費"
"6101","消耗品費","","active","事務用品・消耗品"
"6201","旧・雑費","","suspended","使用を停止した科目の例(利用停止)"
