"name","requestType","minAmount","maxAmount","isActive","matchField","matchValue","approverRoleId","targetDepartmentId","stepName","stepMemo"
"倉庫マスタ登録","master_warehouses","0","0","1","","","users","","申請",""
"倉庫マスタ登録","master_warehouses","0","0","1","","","manager","0004","物流部確認","物流部の課長による確認"
"勘定科目マスタ","master_accounts","0","0","1","","","users","","申請",""
"勘定科目マスタ","master_accounts","0","0","1","","","finance_checker","0005","経理確認","経理担当による確認"
"勘定科目マスタ","master_accounts","0","0","1","","","generalmanager","0005","経理部承認","経理部長による最終承認"
"取引先マスタ登録","master_partners","0","0","1","","","users","","申請",""
"取引先マスタ登録","master_partners","0","0","1","","","manager","","課長承認","申請者の所属課の課長による確認"
"取引先マスタ登録","master_partners","0","0","1","","","manager","0002","営業部確認","営業部の課長による確認"
"標準商品マスタ登録","master_products","0","0","1","","","users","","申請",""
"標準商品マスタ登録","master_products","0","0","1","","","approver","","担当承認","承認担当による内容確認"
"商品単価マスタ登録","master_prices","0","0","1","","","users","","申請",""
"商品単価マスタ登録","master_prices","0","0","1","","","manager","","課長承認",""
"商品単価マスタ登録","master_prices","0","0","1","","","generalmanager","","部長承認","単価変更の最終承認"
"標準見積(100万円未満)","sales_quotes","0","1000000","1","","","users","","作成・申請",""
"標準見積(100万円未満)","sales_quotes","0","1000000","1","","","manager","","課長承認",""
"標準見積(1000万円未満)","sales_quotes","1000000","10000000","1","","","users","","作成・申請",""
"標準見積(1000万円未満)","sales_quotes","1000000","10000000","1","","","manager","","一次承認",""
"標準見積(1000万円未満)","sales_quotes","1000000","10000000","1","","","generalmanager","","二次承認",""
"購買申請(通常)","purchase_requisitions","0","0","1","","","users","","申請",""
"購買申請(通常)","purchase_requisitions","0","0","1","","","manager","","課長承認","購買内容の確認"
"購買申請(前払)","purchase_requisitions","0","0","1","requestType","PREPAYMENT","users","","申請",""
"購買申請(前払)","purchase_requisitions","0","0","1","requestType","PREPAYMENT","manager","","課長承認",""
"購買申請(前払)","purchase_requisitions","0","0","1","requestType","PREPAYMENT","generalmanager","0003","購買部承認","前払は購買部長の承認を必須にする"
"発注申請","purchase_orders","0","0","1","","","users","","申請",""
"発注申請","purchase_orders","0","0","1","","","generalmanager","0003","購買部承認","発注内容の最終確認"
"単位マスタ登録","master_units","0","0","1","","","users","","申請",""
"単位マスタ登録","master_units","0","0","1","","","manager","","課長承認",""
"ロケーションマスタ登録","master_locations","0","0","1","","","users","","申請",""
"ロケーションマスタ登録","master_locations","0","0","1","","","manager","0041","倉庫管理課承認",""
"取引先担当者マスタ登録","master_contacts","0","0","1","","","users","","申請",""
"取引先担当者マスタ登録","master_contacts","0","0","1","","","manager","","課長承認",""
"部品構成(BOM)マスタ登録","master_structures","0","0","1","","","users","","申請",""
"部品構成(BOM)マスタ登録","master_structures","0","0","1","","","approver","","技術承認",""
"受注申請(高額)","sales_orders","1000000","0","1","","","users","","作成・申請",""
"受注申請(高額)","sales_orders","1000000","0","1","","","manager","","一次承認",""
"受注申請(高額)","sales_orders","1000000","0","1","","","generalmanager","","二次承認",""
"棚卸計上申請","inventory_audit","0","0","1","","","users","","申請",""
"棚卸計上申請","inventory_audit","0","0","1","","","manager","0041","倉庫責任者承認",""
