"id","name","parentDepartmentId","memo","validFrom","validTo"
"0001","総務部","","総務・人事・庶務を担当する部門","2025-04-01",""
"0002","営業部","","国内営業を担当する部門","2025-04-01",""
"0003","購買部","","調達・発注を担当する部門","2025-04-01",""
"0004","物流部","","入出荷・在庫管理を担当する部門","2025-04-01",""
"0005","経理部","","経理・請求・支払を担当する部門","2025-04-01",""
"0006","情報システム部","","社内システムの運用を担当する部門","2025-04-01",""
"0021","営業第一課","0002","既存顧客を担当する課","2025-04-01",""
"0022","営業第二課","0002","新規開拓を担当する課","2025-04-01",""
"0031","購買課","0003","発注・納期管理を担当する課","2025-04-01",""
"0041","倉庫管理課","0004","倉庫の入出庫・棚卸を担当する課","2025-04-01",""
"0099","旧・営業推進室","0002","組織変更により廃止した部署の例(有効期間終了)","2025-04-01","2026-03-31"
