"id","warehouseId","name","status","memo"
"LOC-A-01","WH-001","Aラック 1段目","active","出荷頻度の高い品目の固定ロケーション"
"LOC-A-02","WH-001","Aラック 2段目","active","出荷頻度が中程度の品目用"
"LOC-A-03","WH-001","Aラック 3段目","active","予備"
"LOC-B-01","WH-001","Bラック 1段目","active","かさばる完成品用"
"LOC-C-01","WH-002","冷蔵棚 1","active","原材料(要冷蔵)用"
"LOC-C-02","WH-002","冷蔵棚 2","active","原材料用"
"LOC-C-03","WH-002","常温棚 1","active","部品・梱包資材用"
"LOC-X-01","WH-003","外部倉庫A 区画1","active","外部倉庫の管理区画"
"LOC-X-02","WH-003","外部倉庫A 区画2","active","外部倉庫の管理区画"
"LOC-Z-01","WH-009","旧倉庫 棚1","suspended","閉鎖した倉庫のロケーション(利用停止)"
