"id","partnerId","contactType","internalUserId","name","email","phone","fax","departmentName","isEmailTarget","memo"
"CON-0001","CUST-0001","CUSTOMER_CONTACT","","得意先 一郎","info-a1@example.com","03-0000-1011","03-0000-9011","購買部","1","発注・納期のメイン窓口"
"CON-0002","CUST-0001","CUSTOMER_CONTACT","","得意先 二郎","info-a2@example.com","03-0000-1012","03-0000-9012","経理部","0","請求書の送付先(メール送信の対象外)"
"CON-0003","CUST-0002","CUSTOMER_CONTACT","","得意先 花子","info-b1@example.com","045-0000-1021","045-0000-9021","資材課","1",""
"CON-0004","CUST-0003","CUSTOMER_CONTACT","","得意先 三郎","info-c1@example.com","048-0000-1031","048-0000-9031","","1",""
"CON-0005","CUST-0004","CUSTOMER_CONTACT","","得意先 四郎","info-d1@example.com","043-0000-1041","043-0000-9041","製造部","1",""
"CON-0006","CUST-0005","CUSTOMER_CONTACT","","得意先 五郎","info-e1@example.com","06-0000-1051","06-0000-9051","","1",""
"CON-0011","SUPP-0001","SUPPLIER_CONTACT","","仕入先 一郎","sales-a1@example.com","052-0000-2011","052-0000-9011","営業部","1","納期・価格交渉の窓口"
"CON-0012","SUPP-0001","SUPPLIER_CONTACT","","仕入先 一美","sales-a2@example.com","052-0000-2012","052-0000-9012","出荷課","1","出荷連絡の窓口"
"CON-0013","SUPP-0002","SUPPLIER_CONTACT","","仕入先 二郎","sales-b1@example.com","054-0000-2021","054-0000-9021","営業部","1",""
"CON-0014","SUPP-0003","SUPPLIER_CONTACT","","仕入先 三郎","sales-c1@example.com","058-0000-2031","058-0000-9031","","1",""
"CON-0015","SUPP-0004","SUPPLIER_CONTACT","","仕入先 四郎","sales-d1@example.com","075-0000-2041","075-0000-9041","","1",""
"CON-0021","BOTH-0001","CUSTOMER_CONTACT","","取引先 太郎","info-f1@example.com","092-0000-3011","092-0000-9011","営業部","1","得意先としての窓口"
"CON-0022","BOTH-0001","SUPPLIER_CONTACT","","取引先 太郎","info-f1@example.com","092-0000-3011","092-0000-9011","営業部","1","仕入先としての窓口(同じ担当者が両方を兼ねる例)"
"CON-0031","PROS-0001","CUSTOMER_CONTACT","","見込客 一郎","prospect-g1@example.com","022-0000-4011","022-0000-9011","情報システム部","1","商談の主な面談相手"
"CON-0032","PROS-0001","CUSTOMER_CONTACT","","見込客 二郎","prospect-g2@example.com","022-0000-4012","022-0000-9012","購買部","1","決裁に関わる担当"
"CON-0033","PROS-0002","CUSTOMER_CONTACT","","見込客 花子","prospect-h1@example.com","011-0000-4021","011-0000-9021","","1",""
