"id","name","type","postalCode","address","phone","fax","creditLimit","closingDay","paymentMonthOffset","paymentDay","paymentMethod","status","memo","qualifiedInvoiceNumber","corporateNumber"
"CUST-0001","サンプル得意先A株式会社","CUSTOMER","000-0001","東京都サンプル区サンプル町10-1","03-0000-1001","03-0000-9001","5000000","31","1","31","振込払","active","主要な得意先(月末締め翌月末払い)","T0000000000001","0000000000001"
"CUST-0002","サンプル得意先B株式会社","CUSTOMER","000-0002","神奈川県サンプル市サンプル町20-2","045-0000-1002","045-0000-9002","3000000","20","1","25","振込払","active","20日締め翌月25日払い","T0000000000002","0000000000002"
"CUST-0003","サンプル得意先C商会","CUSTOMER","000-0003","埼玉県サンプル市サンプル町30-3","048-0000-1003","048-0000-9003","1000000","31","2","10","振込払","active","月末締め翌々月10日払い","T0000000000003","0000000000003"
"CUST-0004","サンプル得意先D工業株式会社","CUSTOMER","000-0004","千葉県サンプル市サンプル町40-4","043-0000-1004","043-0000-9004","2000000","15","1","15","口座振替","active","15日締め翌月15日払い(口座振替)","T0000000000004","0000000000004"
"CUST-0005","サンプル得意先E販売株式会社","CUSTOMER","000-0005","大阪府サンプル市サンプル町50-5","06-0000-1005","06-0000-9005","500000","31","1","31","現金","active","少額取引の得意先","T0000000000005","0000000000005"
"SUPP-0001","サンプル仕入先A材料株式会社","SUPPLIER","000-0006","愛知県サンプル市サンプル町11-1","052-0000-2001","052-0000-9001","0","20","1","20","振込払","active","原材料の主要な仕入先","T0000000000006","0000000000006"
"SUPP-0002","サンプル仕入先B部品株式会社","SUPPLIER","000-0007","静岡県サンプル市サンプル町22-2","054-0000-2002","054-0000-9002","0","31","1","31","振込払","active","部品の仕入先","T0000000000007","0000000000007"
"SUPP-0003","サンプル仕入先C資材株式会社","SUPPLIER","000-0008","岐阜県サンプル市サンプル町33-3","058-0000-2003","058-0000-9003","0","31","2","10","振込払","active","梱包資材の仕入先","T0000000000008","0000000000008"
"SUPP-0004","サンプル仕入先D商事","SUPPLIER","000-0009","京都府サンプル市サンプル町44-4","075-0000-2004","075-0000-9004","0","25","1","25","振込払","active","商品の仕入先","T0000000000009","0000000000009"
"SUPP-0005","サンプル仕入先E(取引停止)","SUPPLIER","000-0010","兵庫県サンプル市サンプル町55-5","078-0000-2005","078-0000-9005","0","31","1","31","振込払","suspended","取引を停止した仕入先の例(利用停止)","T0000000000010","0000000000010"
"BOTH-0001","サンプル取引先F株式会社","BOTH","000-0011","福岡県サンプル市サンプル町66-6","092-0000-3001","092-0000-9001","1000000","31","1","31","振込払","active","得意先と仕入先の両方の取引がある取引先","T0000000000011","0000000000011"
"PROS-0001","サンプル見込み客G株式会社","PROSPECT","000-0012","宮城県サンプル市サンプル町77-7","022-0000-4001","022-0000-9001","0","0","0","0","","active","商談中の見込み客(商談管理で使用)","",""
"PROS-0002","サンプル見込み客H株式会社","PROSPECT","000-0013","北海道サンプル市サンプル町88-8","011-0000-4002","011-0000-9002","0","0","0","0","","active","初回面談を予定している見込み客","",""
