"id","name","isPurchased","isSales","isService","baseUnitCode","taxCategoryCode","productBarcode","accountCode","supplierId","supplierPartNumber","memo","standardSalesPrice","standardPurchasePrice","status"
"ITEM-1001","原材料A(粉体)","true","false","false","KG","TAX_10","2000000010014","1501","SUPP-0001","MAT-A","製品の主原料。冷蔵保管","0","1200","active"
"ITEM-1002","原材料B(液体)","true","false","false","L","TAX_10","2000000010021","1501","SUPP-0001","MAT-B","製品の副原料。冷蔵保管","0","800","active"
"ITEM-1003","部品C(制御基板)","true","false","false","PCS","TAX_10","SMP-PRT-C001","1501","SUPP-0002","PRT-C","組立に使う制御基板","0","2500","active"
"ITEM-1004","梱包資材D(箱)","true","false","false","BOX","TAX_10","SMP-PKG-D001","1501","SUPP-0003","PKG-D","出荷用の梱包箱","0","150","active"
"ITEM-2001","製品X(標準型)","false","true","false","PCS","TAX_10","2000000020013","1503","","","自社で組み立てる標準モデル","12000","0","active"
"ITEM-2002","製品Y(高機能型)","false","true","false","PCS","TAX_10","2000000020020","1503","","","自社で組み立てる高機能モデル","25000","0","active"
"ITEM-2003","製品Z(小型)","false","true","false","PCS","TAX_10","2000000020037","1503","","","自社で組み立てる小型モデル","8000","0","active"
"ITEM-2004","オプション部品セット","false","true","false","SET","TAX_10","2000000020044","1503","","","製品に追加する部品のセット販売","3500","0","active"
"ITEM-3001","仕入商品P","true","true","false","PCS","TAX_10","2000000030012","1502","SUPP-0004","GDS-P","仕入れてそのまま販売する商品","1800","1100","active"
"ITEM-3002","仕入商品Q(飲料水)","true","true","false","BOX","TAX_8_REDUCED","2000000030029","1502","SUPP-0004","GDS-Q","軽減税率(8%)の対象になる商品の例","2400","1600","active"
"ITEM-9001","設置作業","false","true","true","H","TAX_10","","4103","","","現地での設置作業(時間単位)","6000","0","active"
"ITEM-9002","保守サービス(月額)","false","true","true","LOT","TAX_10","","4103","","","月額の保守契約","20000","0","active"
"ITEM-9003","運賃","false","true","true","LOT","TAX_10","","4103","","","配送料(式)","1500","0","active"
