"id","parentItemId","childItemId","quantityRequired","revision","validFrom","validTo","memo","status"
"BOM-2001-1001","ITEM-2001","ITEM-1001","0.5","1.0","2026-01-01","","製品X 1個あたりの原材料A使用量(KG)","active"
"BOM-2001-1003","ITEM-2001","ITEM-1003","1","1.0","2026-01-01","","制御基板1枚","active"
"BOM-2001-1004","ITEM-2001","ITEM-1004","1","1.0","2026-01-01","","梱包箱1箱","active"
"BOM-2002-1001","ITEM-2002","ITEM-1001","0.8","1.0","2026-01-01","","製品Y 1個あたりの原材料A使用量(KG)","active"
"BOM-2002-1002","ITEM-2002","ITEM-1002","0.3","1.0","2026-01-01","","製品Y 1個あたりの原材料B使用量(L)","active"
"BOM-2002-1003","ITEM-2002","ITEM-1003","2","1.0","2026-01-01","","制御基板2枚","active"
"BOM-2003-1003","ITEM-2003","ITEM-1003","1","1.0","2026-01-01","","制御基板1枚","active"
"BOM-2004-2003","ITEM-2004","ITEM-2003","1","1.0","2026-01-01","","オプションセットに含める小型製品","active"
"BOM-2001-1001-R2","ITEM-2001","ITEM-1001","0.45","2.0","2026-10-01","","改訂版(原材料Aの使用量を削減)。有効開始日が先の例","temporary"
