"stageKey","stageLabel","assigneeType","assigneeRef","assigneeName"
"quote","見積","USER","EMP0002","佐藤 花子"
"sales_order","受注","USER","EMP0003","鈴木 一郎"
"purchase_request","購買申請","ROLE","manager","課長"
"purchase_order","発注","USER","EMP0005","田中 健太"
"receipt_instruction","入荷","USER","EMP0007","渡辺 大輔"
"item_receipt","入庫","USER","EMP0008","中村 さくら"
"purchase_recognition","仕入","USER","EMP0006","伊藤 由美"
"shipment_instruction","出荷","DEPT_ROLE","0041:manager","倉庫管理課 / 課長"
"item_shipment","出庫","USER","EMP0008","中村 さくら"
"sales_invoice","売上","USER","EMP0004","高橋 美咲"
"billing","請求","ROLE","finance_checker","経理確認者"
"payment","支払","USER","EMP0009","小林 誠"
