"role_id","permission_id"
"sys_admin","accounting_journal:create"
"sys_admin","accounting_journal:delete"
"sys_admin","accounting_journal:menu"
"sys_admin","accounting_journal:read"
"sys_admin","accounting_journal:update"
"sys_admin","accounting_journal_edit:create"
"sys_admin","accounting_journal_edit:delete"
"sys_admin","accounting_journal_edit:menu"
"sys_admin","accounting_journal_edit:read"
"sys_admin","accounting_journal_edit:update"
"sys_admin","accounting_journal_export_format:create"
"sys_admin","accounting_journal_export_format:delete"
"sys_admin","accounting_journal_export_format:menu"
"sys_admin","accounting_journal_export_format:read"
"sys_admin","accounting_journal_export_format:update"
"sys_admin","accounting_journal_rules:create"
"sys_admin","accounting_journal_rules:delete"
"sys_admin","accounting_journal_rules:menu"
"sys_admin","accounting_journal_rules:read"
"sys_admin","accounting_journal_rules:update"
"sys_admin","admin_announcements:create"
"sys_admin","admin_announcements:delete"
"sys_admin","admin_announcements:menu"
"sys_admin","admin_announcements:read"
"sys_admin","admin_announcements:update"
"sys_admin","admin_d1_explorer:create"
"sys_admin","admin_d1_explorer:delete"
"sys_admin","admin_d1_explorer:menu"
"sys_admin","admin_d1_explorer:read"
"sys_admin","admin_d1_explorer:update"
"sys_admin","admin_departments:create"
"sys_admin","admin_departments:delete"
"sys_admin","admin_departments:menu"
"sys_admin","admin_departments:read"
"sys_admin","admin_departments:update"
"sys_admin","admin_mail_settings:create"
"sys_admin","admin_mail_settings:delete"
"sys_admin","admin_mail_settings:menu"
"sys_admin","admin_mail_settings:read"
"sys_admin","admin_mail_settings:update"
"sys_admin","admin_permissions:create"
"sys_admin","admin_permissions:delete"
"sys_admin","admin_permissions:menu"
"sys_admin","admin_permissions:read"
"sys_admin","admin_permissions:update"
"sys_admin","admin_progress_stage_owners:create"
"sys_admin","admin_progress_stage_owners:delete"
"sys_admin","admin_progress_stage_owners:menu"
"sys_admin","admin_progress_stage_owners:read"
"sys_admin","admin_progress_stage_owners:update"
"sys_admin","admin_r2_explorer:create"
"sys_admin","admin_r2_explorer:delete"
"sys_admin","admin_r2_explorer:menu"
"sys_admin","admin_r2_explorer:read"
"sys_admin","admin_r2_explorer:update"
"sys_admin","admin_roles:create"
"sys_admin","admin_roles:delete"
"sys_admin","admin_roles:menu"
"sys_admin","admin_roles:read"
"sys_admin","admin_roles:update"
"sys_admin","admin_tax_categories:create"
"sys_admin","admin_tax_categories:delete"
"sys_admin","admin_tax_categories:menu"
"sys_admin","admin_tax_categories:read"
"sys_admin","admin_tax_categories:update"
"sys_admin","admin_users:create"
"sys_admin","admin_users:delete"
"sys_admin","admin_users:menu"
"sys_admin","admin_users:read"
"sys_admin","admin_users:update"
"sys_admin","approval_flows:create"
"sys_admin","approval_flows:delete"
"sys_admin","approval_flows:menu"
"sys_admin","approval_flows:read"
"sys_admin","approval_flows:update"
"sys_admin","audit_logs:create"
"sys_admin","audit_logs:delete"
"sys_admin","audit_logs:menu"
"sys_admin","audit_logs:read"
"sys_admin","audit_logs:update"
"sys_admin","company_settings:create"
"sys_admin","company_settings:delete"
"sys_admin","company_settings:menu"
"sys_admin","company_settings:read"
"sys_admin","company_settings:update"
"sys_admin","inventory_audit:create"
"sys_admin","inventory_audit:delete"
"sys_admin","inventory_audit:menu"
"sys_admin","inventory_audit:read"
"sys_admin","inventory_audit:update"
"sys_admin","inventory_receiving:create"
"sys_admin","inventory_receiving:delete"
"sys_admin","inventory_receiving:menu"
"sys_admin","inventory_receiving:read"
"sys_admin","inventory_receiving:update"
"sys_admin","inventory_shipping:create"
"sys_admin","inventory_shipping:delete"
"sys_admin","inventory_shipping:menu"
"sys_admin","inventory_shipping:read"
"sys_admin","inventory_shipping:update"
"sys_admin","mail_delivery_logs:create"
"sys_admin","mail_delivery_logs:delete"
"sys_admin","mail_delivery_logs:menu"
"sys_admin","mail_delivery_logs:read"
"sys_admin","mail_delivery_logs:update"
"sys_admin","master_accounts:create"
"sys_admin","master_accounts:delete"
"sys_admin","master_accounts:menu"
"sys_admin","master_accounts:read"
"sys_admin","master_accounts:update"
"sys_admin","master_business_locations:create"
"sys_admin","master_business_locations:delete"
"sys_admin","master_business_locations:menu"
"sys_admin","master_business_locations:read"
"sys_admin","master_business_locations:update"
"sys_admin","master_contacts:create"
"sys_admin","master_contacts:delete"
"sys_admin","master_contacts:menu"
"sys_admin","master_contacts:read"
"sys_admin","master_contacts:update"
"sys_admin","master_item_reorder_settings:create"
"sys_admin","master_item_reorder_settings:delete"
"sys_admin","master_item_reorder_settings:menu"
"sys_admin","master_item_reorder_settings:read"
"sys_admin","master_item_reorder_settings:update"
"sys_admin","master_locations:create"
"sys_admin","master_locations:delete"
"sys_admin","master_locations:menu"
"sys_admin","master_locations:read"
"sys_admin","master_locations:update"
"sys_admin","master_partners:create"
"sys_admin","master_partners:delete"
"sys_admin","master_partners:menu"
"sys_admin","master_partners:read"
"sys_admin","master_partners:update"
"sys_admin","master_prices:create"
"sys_admin","master_prices:delete"
"sys_admin","master_prices:menu"
"sys_admin","master_prices:read"
"sys_admin","master_prices:update"
"sys_admin","master_products:create"
"sys_admin","master_products:delete"
"sys_admin","master_products:menu"
"sys_admin","master_products:read"
"sys_admin","master_products:update"
"sys_admin","master_projects:create"
"sys_admin","master_projects:delete"
"sys_admin","master_projects:menu"
"sys_admin","master_projects:read"
"sys_admin","master_projects:update"
"sys_admin","master_structures:create"
"sys_admin","master_structures:delete"
"sys_admin","master_structures:menu"
"sys_admin","master_structures:read"
"sys_admin","master_structures:update"
"sys_admin","master_units:create"
"sys_admin","master_units:delete"
"sys_admin","master_units:menu"
"sys_admin","master_units:read"
"sys_admin","master_units:update"
"sys_admin","master_warehouses:create"
"sys_admin","master_warehouses:delete"
"sys_admin","master_warehouses:menu"
"sys_admin","master_warehouses:read"
"sys_admin","master_warehouses:update"
"sys_admin","otp_download_logs:create"
"sys_admin","otp_download_logs:delete"
"sys_admin","otp_download_logs:menu"
"sys_admin","otp_download_logs:read"
"sys_admin","otp_download_logs:update"
"sys_admin","progress_overview:create"
"sys_admin","progress_overview:delete"
"sys_admin","progress_overview:menu"
"sys_admin","progress_overview:read"
"sys_admin","progress_overview:update"
"sys_admin","purchase_orders:create"
"sys_admin","purchase_orders:delete"
"sys_admin","purchase_orders:menu"
"sys_admin","purchase_orders:read"
"sys_admin","purchase_orders:update"
"sys_admin","purchase_payment:create"
"sys_admin","purchase_payment:delete"
"sys_admin","purchase_payment:menu"
"sys_admin","purchase_payment:read"
"sys_admin","purchase_payment:update"
"sys_admin","purchase_receipts:create"
"sys_admin","purchase_receipts:delete"
"sys_admin","purchase_receipts:menu"
"sys_admin","purchase_receipts:read"
"sys_admin","purchase_receipts:update"
"sys_admin","purchase_requisitions:create"
"sys_admin","purchase_requisitions:delete"
"sys_admin","purchase_requisitions:menu"
"sys_admin","purchase_requisitions:read"
"sys_admin","purchase_requisitions:update"
"sys_admin","sales_billing:create"
"sys_admin","sales_billing:delete"
"sys_admin","sales_billing:menu"
"sys_admin","sales_billing:read"
"sys_admin","sales_billing:update"
"sys_admin","sales_deals:create"
"sys_admin","sales_deals:delete"
"sys_admin","sales_deals:menu"
"sys_admin","sales_deals:read"
"sys_admin","sales_deals:update"
"sys_admin","sales_invoices:create"
"sys_admin","sales_invoices:delete"
"sys_admin","sales_invoices:menu"
"sys_admin","sales_invoices:read"
"sys_admin","sales_invoices:update"
"sys_admin","sales_orders:create"
"sys_admin","sales_orders:delete"
"sys_admin","sales_orders:menu"
"sys_admin","sales_orders:read"
"sys_admin","sales_orders:update"
"sys_admin","sales_quotes:create"
"sys_admin","sales_quotes:delete"
"sys_admin","sales_quotes:menu"
"sys_admin","sales_quotes:read"
"sys_admin","sales_quotes:update"
"sys_admin","wf_histories:create"
"sys_admin","wf_histories:delete"
"sys_admin","wf_histories:menu"
"sys_admin","wf_histories:read"
"sys_admin","wf_histories:update"
"sys_admin","wf_tasks:create"
"sys_admin","wf_tasks:delete"
"sys_admin","wf_tasks:menu"
"sys_admin","wf_tasks:read"
"sys_admin","wf_tasks:update"
"users","inventory_audit:create"
"users","inventory_audit:menu"
"users","inventory_audit:read"
"users","inventory_audit:update"
"users","inventory_receiving:create"
"users","inventory_receiving:menu"
"users","inventory_receiving:read"
"users","inventory_receiving:update"
"users","inventory_shipping:create"
"users","inventory_shipping:menu"
"users","inventory_shipping:read"
"users","inventory_shipping:update"
"users","master_accounts:menu"
"users","master_accounts:read"
"users","master_business_locations:menu"
"users","master_business_locations:read"
"users","master_contacts:menu"
"users","master_contacts:read"
"users","master_item_reorder_settings:menu"
"users","master_item_reorder_settings:read"
"users","master_locations:menu"
"users","master_locations:read"
"users","master_partners:menu"
"users","master_partners:read"
"users","master_prices:menu"
"users","master_prices:read"
"users","master_products:menu"
"users","master_products:read"
"users","master_projects:menu"
"users","master_projects:read"
"users","master_structures:menu"
"users","master_structures:read"
"users","master_units:menu"
"users","master_units:read"
"users","master_warehouses:menu"
"users","master_warehouses:read"
"users","progress_overview:menu"
"users","progress_overview:read"
"users","purchase_orders:menu"
"users","purchase_orders:read"
"users","purchase_payment:menu"
"users","purchase_payment:read"
"users","purchase_receipts:menu"
"users","purchase_receipts:read"
"users","purchase_requisitions:create"
"users","purchase_requisitions:menu"
"users","purchase_requisitions:read"
"users","purchase_requisitions:update"
"users","sales_billing:menu"
"users","sales_billing:read"
"users","sales_deals:create"
"users","sales_deals:menu"
"users","sales_deals:read"
"users","sales_deals:update"
"users","sales_invoices:menu"
"users","sales_invoices:read"
"users","sales_orders:create"
"users","sales_orders:menu"
"users","sales_orders:read"
"users","sales_orders:update"
"users","sales_quotes:create"
"users","sales_quotes:menu"
"users","sales_quotes:read"
"users","sales_quotes:update"
"users","wf_histories:menu"
"users","wf_histories:read"
"users","wf_tasks:menu"
"users","wf_tasks:read"
"users","wf_tasks:update"
"teaf","inventory_audit:create"
"teaf","inventory_audit:menu"
"teaf","inventory_audit:read"
"teaf","inventory_audit:update"
"teaf","inventory_receiving:create"
"teaf","inventory_receiving:menu"
"teaf","inventory_receiving:read"
"teaf","inventory_receiving:update"
"teaf","inventory_shipping:create"
"teaf","inventory_shipping:menu"
"teaf","inventory_shipping:read"
"teaf","inventory_shipping:update"
"teaf","master_accounts:menu"
"teaf","master_accounts:read"
"teaf","master_business_locations:menu"
"teaf","master_business_locations:read"
"teaf","master_contacts:menu"
"teaf","master_contacts:read"
"teaf","master_item_reorder_settings:menu"
"teaf","master_item_reorder_settings:read"
"teaf","master_locations:menu"
"teaf","master_locations:read"
"teaf","master_partners:menu"
"teaf","master_partners:read"
"teaf","master_prices:menu"
"teaf","master_prices:read"
"teaf","master_products:menu"
"teaf","master_products:read"
"teaf","master_projects:menu"
"teaf","master_projects:read"
"teaf","master_structures:menu"
"teaf","master_structures:read"
"teaf","master_units:menu"
"teaf","master_units:read"
"teaf","master_warehouses:menu"
"teaf","master_warehouses:read"
"teaf","progress_overview:menu"
"teaf","progress_overview:read"
"teaf","purchase_orders:create"
"teaf","purchase_orders:menu"
"teaf","purchase_orders:read"
"teaf","purchase_orders:update"
"teaf","purchase_payment:menu"
"teaf","purchase_payment:read"
"teaf","purchase_receipts:create"
"teaf","purchase_receipts:menu"
"teaf","purchase_receipts:read"
"teaf","purchase_receipts:update"
"teaf","purchase_requisitions:create"
"teaf","purchase_requisitions:menu"
"teaf","purchase_requisitions:read"
"teaf","purchase_requisitions:update"
"teaf","sales_billing:menu"
"teaf","sales_billing:read"
"teaf","sales_deals:create"
"teaf","sales_deals:menu"
"teaf","sales_deals:read"
"teaf","sales_deals:update"
"teaf","sales_invoices:create"
"teaf","sales_invoices:menu"
"teaf","sales_invoices:read"
"teaf","sales_invoices:update"
"teaf","sales_orders:create"
"teaf","sales_orders:menu"
"teaf","sales_orders:read"
"teaf","sales_orders:update"
"teaf","sales_quotes:create"
"teaf","sales_quotes:menu"
"teaf","sales_quotes:read"
"teaf","sales_quotes:update"
"teaf","wf_histories:menu"
"teaf","wf_histories:read"
"teaf","wf_tasks:menu"
"teaf","wf_tasks:read"
"teaf","wf_tasks:update"
"manager","inventory_audit:create"
"manager","inventory_audit:delete"
"manager","inventory_audit:menu"
"manager","inventory_audit:read"
"manager","inventory_audit:update"
"manager","inventory_receiving:create"
"manager","inventory_receiving:delete"
"manager","inventory_receiving:menu"
"manager","inventory_receiving:read"
"manager","inventory_receiving:update"
"manager","inventory_shipping:create"
"manager","inventory_shipping:delete"
"manager","inventory_shipping:menu"
"manager","inventory_shipping:read"
"manager","inventory_shipping:update"
"manager","master_accounts:create"
"manager","master_accounts:menu"
"manager","master_accounts:read"
"manager","master_accounts:update"
"manager","master_business_locations:create"
"manager","master_business_locations:menu"
"manager","master_business_locations:read"
"manager","master_business_locations:update"
"manager","master_contacts:create"
"manager","master_contacts:menu"
"manager","master_contacts:read"
"manager","master_contacts:update"
"manager","master_item_reorder_settings:create"
"manager","master_item_reorder_settings:menu"
"manager","master_item_reorder_settings:read"
"manager","master_item_reorder_settings:update"
"manager","master_locations:create"
"manager","master_locations:menu"
"manager","master_locations:read"
"manager","master_locations:update"
"manager","master_partners:create"
"manager","master_partners:menu"
"manager","master_partners:read"
"manager","master_partners:update"
"manager","master_prices:create"
"manager","master_prices:menu"
"manager","master_prices:read"
"manager","master_prices:update"
"manager","master_products:create"
"manager","master_products:menu"
"manager","master_products:read"
"manager","master_products:update"
"manager","master_projects:create"
"manager","master_projects:menu"
"manager","master_projects:read"
"manager","master_projects:update"
"manager","master_structures:create"
"manager","master_structures:menu"
"manager","master_structures:read"
"manager","master_structures:update"
"manager","master_units:create"
"manager","master_units:menu"
"manager","master_units:read"
"manager","master_units:update"
"manager","master_warehouses:create"
"manager","master_warehouses:menu"
"manager","master_warehouses:read"
"manager","master_warehouses:update"
"manager","progress_overview:menu"
"manager","progress_overview:read"
"manager","purchase_orders:create"
"manager","purchase_orders:delete"
"manager","purchase_orders:menu"
"manager","purchase_orders:read"
"manager","purchase_orders:update"
"manager","purchase_payment:create"
"manager","purchase_payment:menu"
"manager","purchase_payment:read"
"manager","purchase_payment:update"
"manager","purchase_receipts:create"
"manager","purchase_receipts:delete"
"manager","purchase_receipts:menu"
"manager","purchase_receipts:read"
"manager","purchase_receipts:update"
"manager","purchase_requisitions:create"
"manager","purchase_requisitions:delete"
"manager","purchase_requisitions:menu"
"manager","purchase_requisitions:read"
"manager","purchase_requisitions:update"
"manager","sales_billing:create"
"manager","sales_billing:menu"
"manager","sales_billing:read"
"manager","sales_billing:update"
"manager","sales_deals:create"
"manager","sales_deals:delete"
"manager","sales_deals:menu"
"manager","sales_deals:read"
"manager","sales_deals:update"
"manager","sales_invoices:create"
"manager","sales_invoices:delete"
"manager","sales_invoices:menu"
"manager","sales_invoices:read"
"manager","sales_invoices:update"
"manager","sales_orders:create"
"manager","sales_orders:delete"
"manager","sales_orders:menu"
"manager","sales_orders:read"
"manager","sales_orders:update"
"manager","sales_quotes:create"
"manager","sales_quotes:delete"
"manager","sales_quotes:menu"
"manager","sales_quotes:read"
"manager","sales_quotes:update"
"manager","wf_histories:menu"
"manager","wf_histories:read"
"manager","wf_tasks:menu"
"manager","wf_tasks:read"
"manager","wf_tasks:update"
"generalmanager","accounting_journal:menu"
"generalmanager","accounting_journal:read"
"generalmanager","accounting_journal_edit:menu"
"generalmanager","accounting_journal_edit:read"
"generalmanager","accounting_journal_export_format:menu"
"generalmanager","accounting_journal_export_format:read"
"generalmanager","accounting_journal_rules:menu"
"generalmanager","accounting_journal_rules:read"
"generalmanager","audit_logs:menu"
"generalmanager","audit_logs:read"
"generalmanager","inventory_audit:create"
"generalmanager","inventory_audit:delete"
"generalmanager","inventory_audit:menu"
"generalmanager","inventory_audit:read"
"generalmanager","inventory_audit:update"
"generalmanager","inventory_receiving:create"
"generalmanager","inventory_receiving:delete"
"generalmanager","inventory_receiving:menu"
"generalmanager","inventory_receiving:read"
"generalmanager","inventory_receiving:update"
"generalmanager","inventory_shipping:create"
"generalmanager","inventory_shipping:delete"
"generalmanager","inventory_shipping:menu"
"generalmanager","inventory_shipping:read"
"generalmanager","inventory_shipping:update"
"generalmanager","master_accounts:create"
"generalmanager","master_accounts:menu"
"generalmanager","master_accounts:read"
"generalmanager","master_accounts:update"
"generalmanager","master_business_locations:create"
"generalmanager","master_business_locations:menu"
"generalmanager","master_business_locations:read"
"generalmanager","master_business_locations:update"
"generalmanager","master_contacts:create"
"generalmanager","master_contacts:menu"
"generalmanager","master_contacts:read"
"generalmanager","master_contacts:update"
"generalmanager","master_item_reorder_settings:create"
"generalmanager","master_item_reorder_settings:menu"
"generalmanager","master_item_reorder_settings:read"
"generalmanager","master_item_reorder_settings:update"
"generalmanager","master_locations:create"
"generalmanager","master_locations:menu"
"generalmanager","master_locations:read"
"generalmanager","master_locations:update"
"generalmanager","master_partners:create"
"generalmanager","master_partners:menu"
"generalmanager","master_partners:read"
"generalmanager","master_partners:update"
"generalmanager","master_prices:create"
"generalmanager","master_prices:menu"
"generalmanager","master_prices:read"
"generalmanager","master_prices:update"
"generalmanager","master_products:create"
"generalmanager","master_products:menu"
"generalmanager","master_products:read"
"generalmanager","master_products:update"
"generalmanager","master_projects:create"
"generalmanager","master_projects:menu"
"generalmanager","master_projects:read"
"generalmanager","master_projects:update"
"generalmanager","master_structures:create"
"generalmanager","master_structures:menu"
"generalmanager","master_structures:read"
"generalmanager","master_structures:update"
"generalmanager","master_units:create"
"generalmanager","master_units:menu"
"generalmanager","master_units:read"
"generalmanager","master_units:update"
"generalmanager","master_warehouses:create"
"generalmanager","master_warehouses:menu"
"generalmanager","master_warehouses:read"
"generalmanager","master_warehouses:update"
"generalmanager","progress_overview:menu"
"generalmanager","progress_overview:read"
"generalmanager","purchase_orders:create"
"generalmanager","purchase_orders:delete"
"generalmanager","purchase_orders:menu"
"generalmanager","purchase_orders:read"
"generalmanager","purchase_orders:update"
"generalmanager","purchase_payment:create"
"generalmanager","purchase_payment:delete"
"generalmanager","purchase_payment:menu"
"generalmanager","purchase_payment:read"
"generalmanager","purchase_payment:update"
"generalmanager","purchase_receipts:create"
"generalmanager","purchase_receipts:delete"
"generalmanager","purchase_receipts:menu"
"generalmanager","purchase_receipts:read"
"generalmanager","purchase_receipts:update"
"generalmanager","purchase_requisitions:create"
"generalmanager","purchase_requisitions:delete"
"generalmanager","purchase_requisitions:menu"
"generalmanager","purchase_requisitions:read"
"generalmanager","purchase_requisitions:update"
"generalmanager","sales_billing:create"
"generalmanager","sales_billing:delete"
"generalmanager","sales_billing:menu"
"generalmanager","sales_billing:read"
"generalmanager","sales_billing:update"
"generalmanager","sales_deals:create"
"generalmanager","sales_deals:delete"
"generalmanager","sales_deals:menu"
"generalmanager","sales_deals:read"
"generalmanager","sales_deals:update"
"generalmanager","sales_invoices:create"
"generalmanager","sales_invoices:delete"
"generalmanager","sales_invoices:menu"
"generalmanager","sales_invoices:read"
"generalmanager","sales_invoices:update"
"generalmanager","sales_orders:create"
"generalmanager","sales_orders:delete"
"generalmanager","sales_orders:menu"
"generalmanager","sales_orders:read"
"generalmanager","sales_orders:update"
"generalmanager","sales_quotes:create"
"generalmanager","sales_quotes:delete"
"generalmanager","sales_quotes:menu"
"generalmanager","sales_quotes:read"
"generalmanager","sales_quotes:update"
"generalmanager","wf_histories:menu"
"generalmanager","wf_histories:read"
"generalmanager","wf_tasks:menu"
"generalmanager","wf_tasks:read"
"generalmanager","wf_tasks:update"
"approver","inventory_audit:menu"
"approver","inventory_audit:read"
"approver","inventory_receiving:menu"
"approver","inventory_receiving:read"
"approver","inventory_shipping:menu"
"approver","inventory_shipping:read"
"approver","master_accounts:menu"
"approver","master_accounts:read"
"approver","master_accounts:update"
"approver","master_business_locations:menu"
"approver","master_business_locations:read"
"approver","master_business_locations:update"
"approver","master_contacts:menu"
"approver","master_contacts:read"
"approver","master_contacts:update"
"approver","master_item_reorder_settings:menu"
"approver","master_item_reorder_settings:read"
"approver","master_item_reorder_settings:update"
"approver","master_locations:menu"
"approver","master_locations:read"
"approver","master_locations:update"
"approver","master_partners:menu"
"approver","master_partners:read"
"approver","master_partners:update"
"approver","master_prices:menu"
"approver","master_prices:read"
"approver","master_prices:update"
"approver","master_products:menu"
"approver","master_products:read"
"approver","master_products:update"
"approver","master_projects:menu"
"approver","master_projects:read"
"approver","master_projects:update"
"approver","master_structures:menu"
"approver","master_structures:read"
"approver","master_structures:update"
"approver","master_units:menu"
"approver","master_units:read"
"approver","master_units:update"
"approver","master_warehouses:menu"
"approver","master_warehouses:read"
"approver","master_warehouses:update"
"approver","progress_overview:menu"
"approver","progress_overview:read"
"approver","purchase_orders:menu"
"approver","purchase_orders:read"
"approver","purchase_payment:menu"
"approver","purchase_payment:read"
"approver","purchase_receipts:menu"
"approver","purchase_receipts:read"
"approver","purchase_requisitions:menu"
"approver","purchase_requisitions:read"
"approver","sales_billing:menu"
"approver","sales_billing:read"
"approver","sales_deals:menu"
"approver","sales_deals:read"
"approver","sales_invoices:menu"
"approver","sales_invoices:read"
"approver","sales_orders:menu"
"approver","sales_orders:read"
"approver","sales_quotes:menu"
"approver","sales_quotes:read"
"approver","wf_histories:menu"
"approver","wf_histories:read"
"approver","wf_tasks:menu"
"approver","wf_tasks:read"
"approver","wf_tasks:update"
"finance_checker","accounting_journal:create"
"finance_checker","accounting_journal:delete"
"finance_checker","accounting_journal:menu"
"finance_checker","accounting_journal:read"
"finance_checker","accounting_journal:update"
"finance_checker","accounting_journal_edit:create"
"finance_checker","accounting_journal_edit:menu"
"finance_checker","accounting_journal_edit:read"
"finance_checker","accounting_journal_edit:update"
"finance_checker","accounting_journal_export_format:create"
"finance_checker","accounting_journal_export_format:delete"
"finance_checker","accounting_journal_export_format:menu"
"finance_checker","accounting_journal_export_format:read"
"finance_checker","accounting_journal_export_format:update"
"finance_checker","accounting_journal_rules:create"
"finance_checker","accounting_journal_rules:delete"
"finance_checker","accounting_journal_rules:menu"
"finance_checker","accounting_journal_rules:read"
"finance_checker","accounting_journal_rules:update"
"finance_checker","inventory_audit:menu"
"finance_checker","inventory_audit:read"
"finance_checker","inventory_receiving:menu"
"finance_checker","inventory_receiving:read"
"finance_checker","inventory_shipping:menu"
"finance_checker","inventory_shipping:read"
"finance_checker","master_accounts:menu"
"finance_checker","master_accounts:read"
"finance_checker","master_business_locations:menu"
"finance_checker","master_business_locations:read"
"finance_checker","master_contacts:menu"
"finance_checker","master_contacts:read"
"finance_checker","master_item_reorder_settings:menu"
"finance_checker","master_item_reorder_settings:read"
"finance_checker","master_locations:menu"
"finance_checker","master_locations:read"
"finance_checker","master_partners:menu"
"finance_checker","master_partners:read"
"finance_checker","master_prices:menu"
"finance_checker","master_prices:read"
"finance_checker","master_products:menu"
"finance_checker","master_products:read"
"finance_checker","master_projects:menu"
"finance_checker","master_projects:read"
"finance_checker","master_structures:menu"
"finance_checker","master_structures:read"
"finance_checker","master_units:menu"
"finance_checker","master_units:read"
"finance_checker","master_warehouses:menu"
"finance_checker","master_warehouses:read"
"finance_checker","progress_overview:menu"
"finance_checker","progress_overview:read"
"finance_checker","purchase_orders:menu"
"finance_checker","purchase_orders:read"
"finance_checker","purchase_payment:create"
"finance_checker","purchase_payment:menu"
"finance_checker","purchase_payment:read"
"finance_checker","purchase_payment:update"
"finance_checker","purchase_receipts:menu"
"finance_checker","purchase_receipts:read"
"finance_checker","purchase_requisitions:menu"
"finance_checker","purchase_requisitions:read"
"finance_checker","sales_billing:create"
"finance_checker","sales_billing:menu"
"finance_checker","sales_billing:read"
"finance_checker","sales_billing:update"
"finance_checker","sales_deals:menu"
"finance_checker","sales_deals:read"
"finance_checker","sales_invoices:menu"
"finance_checker","sales_invoices:read"
"finance_checker","sales_orders:menu"
"finance_checker","sales_orders:read"
"finance_checker","sales_quotes:menu"
"finance_checker","sales_quotes:read"
"finance_checker","wf_histories:menu"
"finance_checker","wf_histories:read"
"finance_checker","wf_tasks:menu"
"finance_checker","wf_tasks:read"
"finance_checker","wf_tasks:update"
"ceo","accounting_journal:menu"
"ceo","accounting_journal:read"
"ceo","accounting_journal_edit:menu"
"ceo","accounting_journal_edit:read"
"ceo","accounting_journal_export_format:menu"
"ceo","accounting_journal_export_format:read"
"ceo","accounting_journal_rules:menu"
"ceo","accounting_journal_rules:read"
"ceo","inventory_audit:menu"
"ceo","inventory_audit:read"
"ceo","inventory_receiving:menu"
"ceo","inventory_receiving:read"
"ceo","inventory_shipping:menu"
"ceo","inventory_shipping:read"
"ceo","master_accounts:menu"
"ceo","master_accounts:read"
"ceo","master_business_locations:menu"
"ceo","master_business_locations:read"
"ceo","master_contacts:menu"
"ceo","master_contacts:read"
"ceo","master_item_reorder_settings:menu"
"ceo","master_item_reorder_settings:read"
"ceo","master_locations:menu"
"ceo","master_locations:read"
"ceo","master_partners:menu"
"ceo","master_partners:read"
"ceo","master_prices:menu"
"ceo","master_prices:read"
"ceo","master_products:menu"
"ceo","master_products:read"
"ceo","master_projects:menu"
"ceo","master_projects:read"
"ceo","master_structures:menu"
"ceo","master_structures:read"
"ceo","master_units:menu"
"ceo","master_units:read"
"ceo","master_warehouses:menu"
"ceo","master_warehouses:read"
"ceo","progress_overview:menu"
"ceo","progress_overview:read"
"ceo","purchase_orders:menu"
"ceo","purchase_orders:read"
"ceo","purchase_payment:menu"
"ceo","purchase_payment:read"
"ceo","purchase_receipts:menu"
"ceo","purchase_receipts:read"
"ceo","purchase_requisitions:menu"
"ceo","purchase_requisitions:read"
"ceo","sales_billing:menu"
"ceo","sales_billing:read"
"ceo","sales_deals:menu"
"ceo","sales_deals:read"
"ceo","sales_invoices:menu"
"ceo","sales_invoices:read"
"ceo","sales_orders:menu"
"ceo","sales_orders:read"
"ceo","sales_quotes:menu"
"ceo","sales_quotes:read"
"ceo","wf_histories:menu"
"ceo","wf_histories:read"
"ceo","wf_tasks:menu"
"ceo","wf_tasks:read"
