"groupKey","dealId","partnerId","title","dealDate","startTime","endTime","location","memo","status","ownerEmployeeNumber","quoteIds","attendeeKind","attendeeValue","attendeeNote","taskTitle","taskDueDate","taskAssigneeEmployeeNumber","taskIsDone"
"D1","","PROS-0001","初回ヒアリング","2026-08-10","10:00","11:30","先方本社 会議室","現状の課題と予算感をヒアリング。
次回までに製品Xの見積を提示する。","OPEN","EMP0004","","PARTNER_CONTACT","見込客 一郎","","見積の作成","2026-08-17","EMP0004","1"
"D1","","","","","","","","","","","","PARTNER_CONTACT","見込客 二郎","決裁に関わる","製品Xのカタログ送付","2026-08-12","EMP0004","1"
"D1","","","","","","","","","","","","EMPLOYEE","EMP0002","同席(課長)","","","",""
"D2","","PROS-0001","見積提示・デモ","2026-08-24","14:00","15:30","オンライン","見積QT-2026-0004-1を提示し、製品Xのデモを実施。価格の再検討を依頼された。","OPEN","EMP0004","QT-2026-0004-1","PARTNER_CONTACT","見込客 一郎","","値引き条件の社内確認","2026-09-05","EMP0002","0"
"D2","","","","","","","","","","","","FREE","先方の情報システム担当","オンライン参加","導入スケジュール案の作成","2026-09-08","EMP0004","0"
"D2","","","","","","","","","","","","EMPLOYEE","EMP0011","デモ担当","","","",""
"D3","","PROS-0002","初回面談(電話)","2026-09-01","16:00","16:30","電話","展示会で名刺交換した先。製品Zに関心あり。","OPEN","EMP0003","","PARTNER_CONTACT","見込客 花子","","資料送付","2026-09-03","EMP0003","1"
"D3","","","","","","","","","","","","","","","訪問日程の調整","2026-09-10","EMP0003","0"
"D4","","CUST-0001","追加導入のご相談","2026-09-05","11:00","12:00","得意先A 本社","既存の導入案件に続く追加導入の相談。製品Yを検討中。","WON","EMP0002","","PARTNER_CONTACT","得意先 一郎","","受注登録","2026-09-12","EMP0002","0"
"D4","","","","","","","","","","","","EMPLOYEE","EMP0001","同席(部長)","","","",""
