"employeeNumber","name","email","departmentId","roleId","passwordRaw"
"EMP0001","山田 太郎","emp0001@example.com","0002","generalmanager","Sample#2026"
"EMP0002","佐藤 花子","emp0002@example.com","0021","manager","Sample#2026"
"EMP0002","佐藤 花子","emp0002@example.com","0022","users",""
"EMP0003","鈴木 一郎","emp0003@example.com","0021","users","Sample#2026"
"EMP0004","高橋 美咲","emp0004@example.com","0022","users","Sample#2026"
"EMP0005","田中 健太","emp0005@example.com","0031","manager","Sample#2026"
"EMP0006","伊藤 由美","emp0006@example.com","0031","users","Sample#2026"
"EMP0007","渡辺 大輔","emp0007@example.com","0041","teaf","Sample#2026"
"EMP0008","中村 さくら","emp0008@example.com","0041","users","Sample#2026"
"EMP0009","小林 誠","emp0009@example.com","0005","finance_checker","Sample#2026"
"EMP0010","加藤 亮","emp0010@example.com","0001","approver","Sample#2026"
"EMP0011","吉田 優子","emp0011@example.com","0006","users","Sample#2026"
"EMP0012","松本 隆","emp0012@example.com","0001","ceo","Sample#2026"
